[
  {
    "fields": {
      "alias": "serafin_top_bar_menu",
      "title": ""
    },
    "model": "sitetree.tree",
    "pk": 1
  },
  {
    "fields": {
      "parent": null,
      "access_restricted": false,
      "access_permissions": [],
      "description": "",
      "insitetree": true,
      "hint": "",
      "url": "/",
      "inbreadcrumbs": true,
      "title": "{{ program|default:\"Serafin\" }}",
      "tree": 1,
      "access_perm_type": 1,
      "alias": null,
      "sort_order": 1,
      "inmenu": true,
      "access_loggedin": false,
      "hidden": false,
      "urlaspattern": false,
      "access_guest": false
    },
    "model": "sitetree.treeitem",
    "pk": 1
  },
  {
    "fields": {
      "parent": 1,
      "access_restricted": false,
      "access_permissions": [],
      "description": "",
      "insitetree": true,
      "hint": "right",
      "url": "#",
      "inbreadcrumbs": true,
      "title": "Account",
      "tree": 1,
      "access_perm_type": 1,
      "alias": null,
      "sort_order": 2,
      "inmenu": true,
      "access_loggedin": true,
      "hidden": false,
      "urlaspattern": false,
      "access_guest": false
    },
    "model": "sitetree.treeitem",
    "pk": 2
  },
  {
    "fields": {
      "parent": 2,
      "access_restricted": false,
      "access_permissions": [],
      "description": "",
      "insitetree": true,
      "hint": "",
      "url": "profile",
      "inbreadcrumbs": true,
      "title": "User profile",
      "tree": 1,
      "access_perm_type": 1,
      "alias": null,
      "sort_order": 3,
      "inmenu": true,
      "access_loggedin": false,
      "hidden": true,
      "urlaspattern": true,
      "access_guest": false
    },
    "model": "sitetree.treeitem",
    "pk": 3
  },
  {
    "fields": {
      "parent": 2,
      "access_restricted": false,
      "access_permissions": [],
      "description": "",
      "insitetree": true,
      "hint": "",
      "url": "logout",
      "inbreadcrumbs": true,
      "title": "Log out",
      "tree": 1,
      "access_perm_type": 1,
      "alias": null,
      "sort_order": 4,
      "inmenu": true,
      "access_loggedin": true,
      "hidden": false,
      "urlaspattern": true,
      "access_guest": false
    },
    "model": "sitetree.treeitem",
    "pk": 4
  },
  {
    "fields": {
      "parent": 1,
      "access_restricted": false,
      "access_permissions": [],
      "description": "",
      "insitetree": true,
      "hint": "right",
      "url": "login",
      "inbreadcrumbs": true,
      "title": "Log in",
      "tree": 1,
      "access_perm_type": 1,
      "alias": null,
      "sort_order": 5,
      "inmenu": true,
      "access_loggedin": false,
      "hidden": false,
      "urlaspattern": true,
      "access_guest": true
    },
    "model": "sitetree.treeitem",
    "pk": 5
  },
  {
    "fields": {
      "parent": 1,
      "access_restricted": false,
      "access_permissions": [],
      "description": "",
      "insitetree": true,
      "hint": "right",
      "url": "content_route register",
      "inbreadcrumbs": true,
      "title": "Register",
      "tree": 1,
      "access_perm_type": 1,
      "alias": null,
      "sort_order": 6,
      "inmenu": true,
      "access_loggedin": false,
      "hidden": false,
      "urlaspattern": true,
      "access_guest": true
    },
    "model": "sitetree.treeitem",
    "pk": 6
  }
]
